﻿ID,イベント名,紹介文,開始時間,終了時間,日時備考,視聴サイト名,視聴URL,料金種別,料金,画像url,参考サイト名称,参考URL,公開日,登録者団体名,登録者担当者名,登録者電話番号,登録者メールアドレス,ステータス,created_at,updated_at,days,大カテゴリ,少カテゴリ
1,バーチャルイベント,"5/24(日) Pimm's 7th Anniversary WEB生配信LIVE 開催決定！

この度、新型コロナウィルス感染拡大及び緊急事態宣言により、当初新宿BLAZEでライブが中止になり、WEB生配信LIVEを開催することが決定致しました。

このLIVEを持って、Pimm'sから栗田麻理/新谷真由/山田南実の3名がグループを卒業致します。

今までLIVEを見たことがない方や、遠方でお越しになる事ができなかった方など、たくさんの方にお楽しみ頂ければと思います。


【公演日】 2020/5/24(日)
【開　演】 18:30~
【特典会】 20:00~

【TICKET】
配信チケット ¥2,000-
5/17 19:00~ 販売開始

【特典会】
Pimm's official Youtubeにて生配信
※特典券 5/18 17:00~ 販売開始

■チケット詳細
・クレジットカード決済
・コンビニ決済
・PayPal
・wechatpay
・alipay
でお支払い可能。
※電子チケット販売プラットフォームZAIKOへの登録が必要となります。
※配信URLは購入したZAIKOアカウントのみで閲覧可能です。
※URLの共有、SNSへの投稿をしてもご本人のZAIKOアカウント以外での閲覧はできません。
※途中から視聴した場合は、その時点からのライブ配信となり、生配信は巻き戻しての再生はできません。
※配信終了後、チケット購入者は72時間のアーカイブ視聴が可能となります。
※開催にあたり、メンバー・スタッフともに感染拡大防止に細心の注意を払い対応致します。



今回『Pimm's 7th Anniversary WEB生配信LIVE』を開催するにあたり、オリジナル応援スタンプを販売！！

スタンプをご購入いただきました方の中から抽選で10名様に、
・5/24当日撮影メンバー全員でのワイドチェキ
・全メンバー コメント&サイン付き色紙
をセットでプレゼントさせて頂きます。

当選された方のみには、１週間前後にZAIKOを通してご連絡致します。
応援の程、何卒宜しくお願い致します。",10:00:00,17:00:00,,zaiko,https://zaiko.io/event/326149,無料,0,/storage/event_images/1/1.jpg,参考サイト名,https://zaiko.io/event/326149,2020-05-29,団体名,担当者名,電話番号,mail@mail.com,0,"2020-05-29 05:10:07","2020-05-29 05:10:07",2020-06-03,"エンタメ,ワークショップ・講座,カルチャー・学び,キッズ・ファミリー","音楽,ワークショップ,講座・セミナー,文化・芸術,地域・歴史,子ども・親子"
8,タイトル1,honnbunn,10:00:00,17:00:00,,zaiko,https://zaiko.io/event/326149,無料,0,/storage/event_images/8/8.jpg,参考サイト名,https://zaiko.io/event/326149,2020-05-18,団体名,担当者名,電話番号,mail@mail.com,0,"2020-06-02 07:15:53","2020-06-02 07:15:53",2020-06-03,エンタメ,音楽
9,タイトル1,honnbunn,10:00:00,17:00:00,,zaiko,https://zaiko.io/event/326149,無料,0,/storage/event_images/9/9.jpg,参考サイト名,https://zaiko.io/event/326149,2020-05-18,団体名,担当者名,電話番号,mail@mail.com,0,"2020-06-02 07:17:31","2020-06-02 07:17:31",2020-06-03,エンタメ,音楽
11,タイトル1,honbun,10:00:00,17:00:00,,zaiko,https://zaiko.io/event/326149,無料,0,/storage/event_images/11/11.jpg,参考サイト名,https://zaiko.io/event/326149,2020-05-18,団体名,担当者名,電話番号,mail@mail.com,0,"2020-06-02 10:08:21","2020-06-02 10:08:21",2020-06-03,エンタメ,音楽
12,タイトル1,"lllllllllllllllllllllllllllllllllaaaa
lsls
alal

ll",10:00:00,17:00:00,,zaiko,https://zaiko.io/event/326149,無料,0,/storage/event_images/12/12.jpg,参考サイト名,https://zaiko.io/event/326149,2020-05-18,団体名,担当者名,電話番号,mail@mail.com,0,"2020-06-02 10:11:05","2020-06-02 10:11:05",2020-06-03,エンタメ,音楽
13,タイトル1,"hobuuu
lalalala
jdaica;aff",10:00:00,17:00:00,,zaiko,https://zaiko.io/event/326149,無料,0,/storage/event_images/13/13.jpg,参考サイト名,https://zaiko.io/event/326149,2020-05-18,団体名,担当者名,電話番号,mail@mail.com,0,"2020-06-02 11:12:54","2020-06-02 11:12:54",2020-06-03,エンタメ,音楽
14,タイトル1,"hobuuu
lalalala
jdaica;aff",10:00:00,17:00:00,,zaiko,https://zaiko.io/event/326149,無料,0,/storage/event_images/14/14.jpg,参考サイト名,https://zaiko.io/event/326149,2020-05-18,団体名,担当者名,電話番号,mail@mail.com,0,"2020-06-02 11:13:26","2020-06-02 11:13:26","2020-06-03,2020-06-02","エンタメ,カルチャー・学び,趣味・レジャー","音楽,文化・芸術,祭り・イベント"
